url,name,price
../../../../media/cache/2c/da/2cdad67c44b002e7ead0cc35693c0e8b.jpg,A Light in the ...,£51.77
../../../../media/cache/58/46/5846057e28022268153beff6d352b06c.jpg,The Black Maria,£52.15
../../../../media/cache/10/48/1048f63d3b5061cd2f424d20b3f9b666.jpg,Shakespeare's Sonnets,£20.66
../../../../media/cache/55/33/553310a7162dfbc2c6d19a84da0df9e1.jpg,Olio,£23.88
../../../../media/cache/e9/20/e9203b733126c4a0832a1c7885dc27cf.jpg,You can't bury them ...,£33.63
../../../../media/cache/72/41/72417db983862010ef0c1a25de98c7d7.jpg,Slow States of Collapse: ...,£57.31
../../../../media/cache/f9/3b/f93b4a650f03a5d21f2436d7813f42c2.jpg,Untitled Collection: Sabbath Poems ...,£14.27
../../../../media/cache/38/64/386468a8c3e6b880664bf7885bf6f726.jpg,Poems That Make Grown ...,£14.19
../../../../media/cache/25/54/2554431c797ec725eea50b3f8a83758c.jpg,Night Sky with Exit ...,£41.05
../../../../media/cache/3f/41/3f4160ada0b16e3c64cd2d0dffe781c8.jpg,salt.,£46.78
../../../../media/cache/c8/f2/c8f297fab080ddd02b3ed5c17b83af85.jpg,Quarter Life Poetry: Poems ...,£50.89
../../../../media/cache/93/d5/93d5c64abfad9ed6a0cb2e26f19f1a1e.jpg,Out of Print: City ...,£53.64
../../../../media/cache/36/5b/365b3ab7ab72a6258873716aef6d5c1a.jpg,Les Fleurs du Mal,£29.04
../../../../media/cache/b7/29/b7293f602efb0c17e305077f8175888a.jpg,Howl and Other Poems,£40.45
../../../../media/cache/31/c7/31c7c5ce7b04d227aa36ecb250b9dad5.jpg,Leave This Song Behind: ...,£51.17
../../../../media/cache/7e/93/7e934132cd03486649fb492fe702f704.jpg,The Collected Poems of ...,£15.42
../../../../media/cache/9f/35/9f351ca1978128c60a3b7f85987075b3.jpg,The Crossover,£38.77
../../../../media/cache/8f/46/8f46bb13feb3a4440a27dfcf688fbaa6.jpg,Booked,£17.49
../../../../media/cache/df/ab/dfab1d94f9190df7c13b63a093a6d16e.jpg,Twenty Love Poems and ...,£30.95
../../../../media/cache/d4/8d/d48d5122a15347e9fe2b15ad354d69bf.jpg,The Most Perfect Thing: ...,£42.96
../../../../media/cache/26/1c/261c4eaf957ae4aacf2229b482e76dbe.jpg,Immunity: How Elie Metchnikoff ...,£57.36
../../../../media/cache/68/ca/68caaf9ac41964d5167a3eb67c638393.jpg,Sorting the Beef from ...,£44.74
../../../../media/cache/56/97/5697f2f8f628129df01c5790985ffd9b.jpg,Tipping Point for Planet ...,£37.55
../../../../media/cache/5e/7f/5e7f7d9913d4c95d33904770c518d537.jpg,The Fabric of the ...,£55.91
../../../../media/cache/33/4f/334fd0ebdf0c0192baf5914d199c53b5.jpg,Diary of a Citizen ...,£28.41
../../../../media/cache/da/0d/da0d13699a090516502257a4d7da623f.jpg,The Origin of Species,£10.01
../../../../media/cache/08/a9/08a957eb34f8047862e225774c3bdde2.jpg,The Grand Design,£13.76
../../../../media/cache/83/ab/83ab65f938b24fa1a9cb47235be49b57.jpg,Peak: Secrets from the ...,£16.28
../../../../media/cache/69/c8/69c83860995cde393dbe6690ec3f1d4f.jpg,"The Elegant Universe: Superstrings, ...",£13.03
../../../../media/cache/f9/69/f969969428b505970a46272fdcea00d3.jpg,The Disappearing Spoon: And ...,£57.35
../../../../media/cache/f8/bc/f8bcd489d33473e0819beaecccd5ebac.jpg,"Surely You're Joking, Mr. ...",£25.83
../../../../media/cache/c8/63/c863c222c130a1bc8685a1242dd2523d.jpg,Seven Brief Lessons on ...,£30.60
../../../../media/cache/08/14/0814f26516fb72b7391d0a742b5928a2.jpg,The Selfish Gene,£29.45
